date,00300,00681,00915,00400,00930,80154,00600,00955,00010,00605,00410,00945,00440,00405,00095,00660,00950,71846,00940,00618,00665,70303,00925,00935
1979-01-10,14.2,,41.0,7.6,1.0,2.0,,6.4,0.0,,120.0,8.8,,5.9,251.0,,0.1,,2.1,,0.02,0.2,5.9,0.5
1979-01-19,,,,,,,,,7.0,,,,,,,,,,,,,,,
1979-02-16,13.8,,40.0,7.9,1.2,7.0,,5.9,5.0,,110.0,7.0,,2.7,242.0,,0.1,,2.2,,0.04,0.19,5.3,0.6
1979-03-07,,,,,,,,,8.0,,,,,,,,,,,,,,,
1979-03-30,,,,,,,,,13.5,,,,,,,,,,,,,,,
1979-04-12,10.3,,28.0,8.0,0.8,8.0,,7.2,11.5,,70.0,8.5,,1.4,158.0,,0.1,,2.7,,0.01,0.14,2.4,0.7
1979-04-18,,,,,,,,,14.0,,,,,,,,,,,,,,,
1979-04-24,9.0,,27.0,7.8,1.1,11.0,,7.7,14.0,,68.0,8.7,,2.1,173.0,,0.1,,1.5,,0.01,0.13,2.7,1.0
1979-05-10,9.7,,46.0,8.1,1.2,13.0,,7.5,16.5,,110.0,9.1,,1.7,266.0,,0.1,,1.6,,0.01,0.18,4.7,0.7
1979-05-21,,,,,,,,,16.0,,,,,,,,,,,,,,,
1979-06-12,9.3,,46.0,8.3,1.5,2.0,,7.3,19.5,,120.0,6.8,,1.2,267.0,,0.2,,1.5,,0.01,0.19,4.7,1.1
1979-06-20,,,,,,,,,20.5,,,,,,,,,,,,,,,
1979-07-19,8.3,,,8.2,,1.0,,,21.0,,140.0,4.6,,1.7,289.0,,0.2,,1.9,,0.02,0.21,,1.2
1979-08-03,,,,,,,,,23.0,,,,,,,,,,,,,,,
1979-09-06,10.0,,46.0,8.2,2.1,10.0,,8.4,23.0,,140.0,8.0,,1.7,276.0,,0.1,,2.5,,0.01,0.21,6.8,0.8
1979-09-13,,,,,,,,,20.5,,,,,,,,,,,,,,,
1979-10-18,8.6,,51.0,8.3,1.6,0.0,,7.5,17.0,,140.0,7.1,,1.3,279.0,,0.1,,2.1,,0.0,0.23,6.5,0.9
1979-10-25,,,,,,,,,12.5,,,,,,,,,,,,,,,
1979-11-08,9.8,,48.0,8.1,1.7,12.0,,6.7,11.0,,140.0,8.7,,2.1,299.0,0.0,0.1,,2.3,,0.0,0.23,6.0,1.0
1979-12-05,12.8,,54.0,8.2,1.6,0.0,,6.7,6.5,,170.0,4.8,,2.1,304.0,0.03,0.0,,1.8,,0.0,0.22,7.3,0.8
1980-01-14,13.1,,44.0,8.2,1.3,1.0,,6.0,7.0,,120.0,7.1,,1.5,271.0,0.0,0.1,,2.1,,0.0,0.21,5.3,0.7
1980-01-17,,,,,,,,,7.5,,,,,,,,,,,,,,,
1980-02-06,12.9,,50.0,8.2,1.2,1.0,,5.8,6.0,,140.0,6.0,,1.7,279.0,0.12,0.0,,1.7,,0.01,0.22,6.3,0.7
1980-02-28,,,,,,,,,7.0,,,,,,,,,,,,,,,
1980-03-06,12.9,,46.0,8.2,2.2,,,5.7,4.0,,130.0,6.3,,1.6,277.0,0.03,0.1,,2.7,,0.0,0.23,5.8,0.8
1980-04-23,,,,,,,,,18.0,,,,,,,,,,,,,,,
1980-04-29,11.7,,45.0,8.3,1.2,0.0,,6.9,17.0,,130.0,5.2,,1.3,267.0,0.0,0.1,,1.5,,0.01,0.2,5.1,0.7
1980-05-26,9.6,,42.0,8.3,1.1,0.0,,8.0,22.0,,110.0,7.0,,1.1,241.0,0.12,0.1,,1.7,,0.02,0.19,5.1,0.7
1980-06-18,8.4,,44.0,8.1,1.3,14.0,,8.2,21.0,,120.0,6.5,,1.8,264.0,0.12,0.1,,2.4,,0.01,0.2,5.0,0.8
1980-07-07,10.5,,44.0,8.4,1.5,1.0,,11.0,31.0,,130.0,5.2,,1.0,262.0,0.03,0.6,,2.3,,0.01,0.21,5.5,0.8
1980-08-06,6.1,,42.0,8.0,1.6,2.0,,10.0,24.5,,140.0,1.7,,2.7,265.0,0.03,0.1,,1.9,,0.03,0.21,6.6,0.9
1980-08-12,,,,,,,,,29.0,,,,,,,,,,,,,,,
1980-08-27,6.4,,42.0,8.2,1.6,0.0,,9.8,23.0,,130.0,1.6,,1.6,266.0,0.0,0.1,,2.4,,0.03,0.21,6.4,0.8
1980-10-29,11.2,4.6,46.0,8.3,1.5,0.2,1.0,7.4,10.0,0.98,,6.0,,1.3,277.0,,0.1,0.03,2.8,,0.01,0.21,6.3,0.9
1980-11-24,11.8,,45.0,8.2,1.4,12.0,0.32,7.3,10.0,0.21,,7.5,,1.7,285.0,,0.1,0.03,2.4,,0.02,0.22,6.7,0.8
1980-12-30,14.0,,44.0,8.2,1.3,8.0,0.64,6.0,5.0,0.63,,7.5,,1.7,286.0,,0.1,0.04,2.2,,0.03,0.21,6.4,0.7
1981-01-26,12.3,,49.0,8.2,1.9,4.0,0.67,6.2,7.0,0.65,,7.1,,1.7,284.0,,0.1,0.04,2.2,,0.02,0.21,6.9,0.7
1981-02-25,13.0,,47.0,8.2,1.9,0.2,0.87,6.3,8.5,0.85,,9.9,,1.6,269.0,,0.1,0.06,2.3,,0.1,0.2,6.5,0.7
1981-03-30,10.2,,33.0,8.1,1.3,3.0,0.37,6.7,14.0,0.3,,2.8,,1.4,192.0,,0.1,0.05,1.4,,0.02,0.16,4.1,0.9
1981-04-21,11.0,3.3,46.0,8.3,1.7,2.0,0.74,7.3,17.0,0.67,,6.5,,1.3,269.0,,0.1,,1.8,,0.02,0.23,6.6,0.8
1981-05-14,9.9,,32.0,8.1,1.4,4.0,3.7,7.3,14.0,3.6,,0.7,,1.5,184.0,,0.0,0.06,0.8,,0.15,0.14,3.7,0.8
1981-06-18,9.2,,45.0,8.1,1.5,3.0,0.48,7.6,19.5,0.31,,0.3,,2.0,273.0,,0.0,0.0,1.2,,0.01,0.2,6.0,0.8
1981-07-14,6.9,,45.0,8.2,2.0,5.0,0.79,11.0,29.5,0.71,,0.9,,1.6,271.0,,0.0,0.01,12.0,,0.03,0.21,6.9,0.7
1981-08-12,10.2,,45.0,8.4,1.5,8.0,0.43,9.3,29.5,0.27,,3.0,,1.0,271.0,,0.0,0.19,1.6,,0.01,0.17,6.7,0.8
1981-09-16,8.2,,46.0,8.0,1.5,5.0,0.58,8.7,17.5,0.45,,5.0,,2.1,281.0,,0.0,0.12,13.0,,0.01,0.21,7.3,0.9
1981-10-28,9.8,1.5,48.0,8.2,1.5,19.0,0.4,7.2,10.0,0.23,,4.9,,1.9,305.0,,0.1,0.03,2.5,,0.02,0.23,7.1,1.0
1981-12-15,12.1,,48.0,7.8,1.4,13.0,0.32,5.5,8.0,0.24,,7.2,,4.6,300.0,,0.1,0.06,2.1,,0.01,0.25,7.1,0.7
1982-01-20,12.8,,49.0,,1.6,6.0,0.5,5.8,3.0,0.29,,6.4,,,295.0,,0.1,0.05,2.1,,0.02,0.23,7.4,0.7
1982-02-23,9.5,,36.0,8.2,0.9,4.0,3.1,5.6,11.0,3.0,,4.9,,1.3,235.0,,0.1,0.12,1.7,,0.01,0.19,4.8,0.7
1982-03-24,10.0,,41.0,8.0,1.4,5.0,,5.6,14.0,,,7.7,,2.3,249.0,,0.1,,1.9,,0.01,0.19,5.7,0.7
1982-05-04,9.8,6.6,46.0,,1.2,6.0,1.5,6.5,16.0,1.4,,8.0,,,,,0.1,0.05,1.8,,0.01,0.2,5.8,0.6
1982-05-26,8.3,,47.0,8.1,1.2,5.0,,7.3,18.5,,,6.0,,1.8,286.0,,0.1,0.08,1.5,,0.01,0.23,5.6,0.8
1982-06-29,9.5,,46.0,8.2,1.3,3.0,0.4,8.2,18.0,0.23,,6.0,,1.6,259.0,,0.1,0.08,2.1,,0.01,0.21,5.6,0.7
1982-07-22,6.8,,48.0,8.0,1.4,5.0,0.5,9.6,22.0,0.38,,5.0,,2.8,,,0.2,0.04,1.9,,0.02,0.22,6.7,0.6
1982-08-24,6.0,,44.0,8.2,1.5,6.0,0.2,9.2,28.0,0.06,,3.0,,1.9,,,0.1,0.05,1.6,,0.01,0.19,7.1,0.6
1982-10-06,8.2,,43.0,8.2,1.7,15.0,0.3,7.6,19.5,0.11,,5.0,,1.7,276.0,0.031,0.1,0.12,1.9,,0.01,0.19,7.4,0.3
1982-12-14,11.6,,40.0,7.9,1.0,5.0,0.41,7.2,6.0,0.26,,7.4,,3.1,253.0,0.031,0.1,0.05,1.9,,0.02,0.2,6.4,0.7
1983-02-03,12.3,,33.0,8.0,1.0,6.0,0.2,6.6,7.0,0.02,,8.2,,1.8,205.0,0.03,0.1,0.1,2.1,,0.02,0.15,4.0,0.7
1983-04-26,10.4,,38.0,8.4,1.1,2.0,0.2,6.7,16.0,0.05,,8.0,,0.8,228.0,0.031,0.1,0.064,1.5,,0.01,0.21,4.2,0.7
1983-06-21,8.6,,49.0,8.2,1.6,3.0,0.3,8.0,19.0,0.2,,5.7,,1.7,284.0,0.031,0.1,0.013,1.7,,0.01,0.2,5.9,0.8
1983-08-23,7.9,,47.0,8.3,1.6,4.0,0.2,9.6,27.0,0.06,,5.7,,1.2,280.0,0.031,0.1,0.052,2.1,,0.03,0.22,6.7,0.8
1983-10-19,8.4,,47.0,8.0,1.5,9.0,0.4,7.4,17.0,0.24,,6.0,,2.7,270.0,0.031,0.1,0.077,2.2,,0.01,0.21,7.1,0.7
1984-02-22,11.4,,40.0,8.1,1.2,1.0,0.3,5.2,10.0,,,6.5,,1.9,244.0,0.031,0.1,0.348,1.9,,0.01,0.2,5.7,0.6
1984-04-24,11.0,,41.0,8.3,1.1,1.0,0.3,6.5,16.0,0.13,,6.6,,1.1,231.0,0.031,0.1,0.09,1.9,,0.01,0.18,4.7,0.6
1984-05-17,10.0,,45.0,8.3,1.2,2.0,6.5,7.0,15.5,6.4,,6.5,,1.3,256.0,0.031,0.1,0.013,1.7,,0.01,0.23,5.2,0.7
1984-06-12,8.7,,48.0,8.2,1.7,11.0,0.82,8.5,27.0,0.36,,5.7,,1.7,270.0,0.031,0.1,0.438,2.5,,0.01,0.22,6.1,0.8
1984-08-01,9.1,,41.0,8.6,1.4,0.0,0.32,7.8,24.0,0.09,,4.3,,0.6,268.0,0.031,0.1,0.142,2.4,,0.01,0.21,5.9,0.7
1984-11-06,10.2,,41.0,8.3,1.1,4.0,0.3,6.3,12.5,0.2,121.0,6.5,,1.2,235.0,0.031,0.1,0.013,1.7,,0.01,0.18,5.5,0.7
1985-01-09,13.200000000000001,,42.0,8.299999999999999,1.1,2.2,0.5,6.1,6.0,0.33,132.0,6.4,,1.3,240.0,0.061,0.1,0.09,1.6,,0.04,0.2,5.1,0.5
1985-03-05,12.0,,41.0,8.1,1.2,3.0,0.7,6.4,12.0,0.55,114.0,6.5,,1.7,246.0,0.031,0.1,0.064,1.8,,0.01,0.17,4.4,0.5
1985-04-22,8.6,,38.0,7.9,7.8,6.0,0.4,10.0,18.0,0.28,139.0,5.9,,3.4,261.0,0.031,0.1,0.026,2.0,,0.01,,,4.3
1985-06-10,6.7,,46.0,8.3,1.5,3.0,0.2,8.2,27.0,0.1,136.0,4.9,,1.3,266.0,0.031,0.1,0.01,3.4,,0.01,0.21,5.2,0.8
1985-08-01,5.5,,45.0,7.6,1.7,1.0,0.3,8.7,25.0,0.07,134.0,4.2,,6.6,262.0,0.031,0.1,0.167,2.5,,0.01,0.21,6.1,1.0
1985-11-14,9.9,,52.0,7.9,3.1,4.0,0.3,7.2,17.0,0.18,147.0,5.6,,3.6,283.0,0.031,0.1,0.04,1.0,0.1,0.01,0.23,6.2,0.8
1986-01-28,12.6,,49.0,7.5,1.6,0.0,0.3,5.8,4.5,0.16,136.0,6.8,,8.6,238.0,0.031,0.1,0.01,2.0,0.09,0.01,0.21,6.3,0.5
1986-03-26,10.8,,43.0,8.4,1.3,6.0,0.41,6.7,13.5,0.28,121.0,13.0,,0.9,250.0,0.061,0.1,0.05,1.5,0.09,0.01,0.19,5.1,0.8
1986-05-28,7.3,,48.0,8.2,1.3,2.0,0.3,7.9,20.5,0.18,140.0,4.7,,1.8,278.0,0.031,0.1,0.039,1.5,0.1,0.01,0.21,5.2,0.8
1986-07-22,9.5,,43.0,8.2,1.5,1.0,0.3,9.3,24.0,0.17,134.0,4.7,,1.7,250.0,0.031,0.1,0.026,1.9,0.1,0.02,0.19,5.9,0.8
1986-08-12,10.1,,42.0,8.2,1.5,0.0,0.3,8.5,24.5,0.18,126.0,5.0,,1.6,262.0,0.031,0.1,0.026,1.8,0.1,0.01,0.21,5.9,0.8
1986-11-24,9.6,,48.0,7.9,1.9,22.0,0.3,7.0,11.0,0.2,146.0,6.0,183.0,3.7,283.0,0.031,0.1,0.013,2.4,0.1,0.25,0.23,6.7,1.3
1986-12-15,9.4,,50.0,8.2,1.8,16.0,0.9,7.0,8.0,0.8,149.0,6.9,183.0,1.9,292.0,0.399,0.1,0.013,2.9,0.1,,0.2,6.6,0.9
1987-03-17,7.5,,43.0,8.2,1.9,12.0,0.8,6.0,13.0,0.68,124.0,7.1,155.0,1.6,250.0,0.031,0.2,0.013,4.3,0.1,0.01,0.19,5.6,0.4
1987-05-27,10.2,,42.0,8.2,1.9,0.0,0.6,8.3,19.0,0.49,117.0,6.0,145.0,1.7,242.0,0.031,0.1,0.052,3.4,0.1,0.01,0.18,5.2,0.1
1987-07-28,12.2,,45.0,8.4,1.8,0.0,0.57,9.7,30.5,0.4,136.0,5.4,145.0,0.9,253.0,0.031,0.1,0.013,1.6,0.17,0.02,0.21,6.9,0.8
1987-08-27,6.4,,44.0,8.2,2.5,0.0,1.5,9.1,24.5,1.4,141.0,7.0,177.0,1.8,264.0,0.031,0.1,0.013,1.6,0.1,0.02,0.21,6.4,0.3
1987-11-05,9.2,,47.0,8.3,2.4,1.0,0.5,7.8,12.5,0.37,,6.3,,1.6,321.0,0.031,0.1,0.026,3.0,0.1,0.01,0.22,7.4,0.2
1988-01-26,9.6,,40.0,8.3,1.2,1.0,0.3,5.9,4.0,0.19,,8.1,,1.1,229.0,0.031,0.1,0.013,1.5,0.1,0.01,0.17,5.4,0.7
1988-04-28,10.5,,46.0,8.2,2.1,23.0,0.4,7.4,15.0,0.27,,7.2,,1.5,265.0,0.031,0.1,0.026,1.7,0.1,0.02,0.2,5.3,2.1
1988-06-09,9.6,,48.0,8.0,2.2,17.0,0.4,8.9,23.0,0.29,,5.3,,3.3,277.0,0.061,0.1,0.013,2.3,0.1,0.01,0.21,7.3,1.0
1988-08-25,8.3,,46.0,8.1,2.7,3.0,0.5,9.3,25.5,0.36,,4.1,,2.5,265.0,0.031,0.1,0.039,2.0,0.1,0.01,0.2,6.9,0.2
1988-09-08,9.2,,46.0,7.9,2.5,4.0,0.4,8.0,19.0,0.3,,4.5,,3.5,275.0,0.031,0.1,0.013,2.2,0.1,0.01,0.21,7.5,0.2
1988-10-19,9.2,,47.0,7.8,2.4,24.0,0.3,7.3,14.0,0.2,,5.1,,5.2,289.0,0.031,0.1,0.013,2.0,0.1,0.01,0.23,7.6,0.3
1988-12-07,9.6,,46.0,8.0,2.2,10.0,0.38,7.0,8.5,0.2,,7.2,,2.6,256.0,0.031,0.1,0.013,1.8,0.18,0.01,0.21,6.0,0.3
1989-03-01,11.1,,42.0,7.2,2.0,8.0,0.3,7.0,7.5,0.2,,7.1,,11.0,247.0,0.031,0.1,0.013,1.3,0.1,0.01,0.17,4.9,0.2
1989-04-19,10.1,,49.0,8.2,1.9,22.0,0.3,7.7,14.0,0.19,,6.0,,1.6,265.0,0.031,0.1,0.013,1.7,0.1,0.01,0.21,5.3,0.4
1989-06-14,9.4,,41.0,8.3,1.8,3.0,0.4,7.7,16.0,0.28,,5.0,,1.2,242.0,0.031,0.1,0.013,1.0,0.1,0.14,0.18,4.9,0.1
1989-08-30,7.9,,45.0,8.1,2.1,3.0,0.3,9.0,24.0,0.2,,4.0,,2.4,273.0,0.031,0.1,0.013,2.0,0.1,0.01,0.2,6.1,0.2
1989-11-20,7.9,,52.0,8.0,1.7,32.0,0.3,7.1,13.0,0.18,,4.0,,3.5,308.0,0.031,0.1,0.026,2.0,0.1,0.01,0.22,7.0,0.8
1989-12-11,8.7,,50.0,8.2,1.7,47.0,0.3,6.6,6.0,0.18,,5.0,,1.7,292.0,0.031,0.1,0.026,2.3,0.1,0.01,0.22,5.8,0.7
1990-02-13,10.5,,38.0,8.0,1.1,3.0,0.3,5.7,11.0,0.19,106.0,7.0,,2.1,235.0,0.031,0.1,0.013,1.4,0.1,0.01,0.19,4.7,0.7
1990-04-09,11.0,,46.0,8.2,1.1,13.0,0.3,6.8,12.5,0.2,,9.0,,1.6,220.0,0.031,0.2,0.013,1.7,0.1,0.01,0.2,4.8,0.7
1990-06-27,8.1,,50.0,8.0,1.6,14.0,0.3,8.8,27.0,0.2,144.0,4.3,,2.8,265.0,0.031,0.2,0.013,3.5,0.1,0.01,0.21,5.5,0.7
1990-08-29,6.8,,44.0,7.9,1.6,5.0,0.3,9.1,26.0,0.19,143.0,3.4,,3.5,270.0,0.031,0.2,0.013,3.4,0.1,0.01,0.2,5.9,0.8
1990-10-26,9.6,,48.0,8.3,1.7,5.0,0.3,6.6,7.5,0.18,,5.2,,1.4,272.0,0.031,0.1,0.026,3.7,0.1,0.01,0.21,6.3,0.8
1990-11-29,,,48.0,,1.2,,,7.3,,,,5.7,,,,,0.1,,3.3,,,0.21,5.7,0.8
1990-12-11,12.2,,50.0,7.8,1.4,3.0,0.3,6.7,6.5,0.18,,5.4,,4.4,282.0,0.031,0.3,0.026,2.9,0.1,0.01,0.21,6.5,0.7
1991-02-13,11.2,,47.0,8.2,1.4,1.0,0.3,5.9,10.0,0.18,,5.6,,1.6,232.0,0.031,0.1,0.026,3.0,0.1,0.01,0.19,5.6,0.7
1991-04-10,10.663636363636364,,41.0,8.290909090909091,1.2,1.0,0.25,7.2,11.818181818181818,0.2,,5.0,,1.3,213.54545454545453,0.031,0.1,0.013,2.5,0.079,0.01,0.21,5.1,0.7
1991-06-24,8.0,,49.0,8.1,1.2,3.0,0.26,8.5,23.5,0.2,,4.3,,2.0,260.0,0.031,0.1,0.013,0.7,0.056,0.01,0.2,5.3,0.7
1991-09-05,8.4,,50.0,8.3,1.8,1.0,0.27,8.3,23.0,0.2,,4.7,,1.4,255.0,0.031,0.1,0.013,0.9,0.06,0.01,0.2,5.9,0.8
1991-10-08,9.6,,49.0,8.1,1.5,8.0,0.25,7.0,14.5,0.19,,4.5,,2.4,278.0,0.031,0.1,0.013,3.0,0.05,0.01,0.21,6.6,0.8
1991-12-02,8.8,,26.0,7.9,0.8,39.0,0.44,7.2,11.0,0.28,,5.2,,1.7,133.0,0.031,0.2,0.013,1.7,0.15,0.04,0.12,2.3,0.8
1992-02-20,11.2,,44.0,8.0,1.3,1.0,0.25,6.1,7.5,0.18,,5.5,,2.3,251.0,0.031,0.1,0.026,0.9,0.05,0.01,0.19,4.8,0.7
1992-04-14,8.6,,49.0,8.2,1.2,6.0,0.25,7.8,17.0,0.18,,5.4,,1.8,262.0,0.031,0.1,0.026,3.0,0.054,0.01,0.21,5.2,0.7
1992-06-03,8.8,,49.0,7.8,1.3,2.0,0.29,7.3,15.5,0.2,,4.5,,4.1,268.0,0.031,0.1,0.013,2.3,0.11,0.03,0.22,4.5,0.7
1992-08-25,7.4,,48.0,8.2,1.4,1.0,0.26,8.5,22.0,0.18,,3.7,,1.6,275.0,0.031,0.1,0.026,3.4,0.059,0.01,0.22,6.0,0.8
1992-11-17,7.8,,46.0,7.9,1.1,11.0,0.25,6.9,10.0,0.18,,5.2,,3.6,278.0,0.031,0.1,0.026,1.3,0.05,0.01,0.22,6.1,0.8
1993-01-21,10.9,,44.0,8.0,1.1,13.0,0.58,6.9,5.5,0.17,,5.7,,2.4,249.0,0.031,0.1,0.039,1.5,0.36,0.01,0.18,4.1,0.7
1993-03-09,12.2,,46.0,7.8,1.2,7.0,0.44,6.8,8.5,0.18,,6.1,,3.7,259.0,0.031,0.1,0.026,1.6,0.21,0.03,0.2,4.7,0.6
1993-04-30,9.0,1.3,43.0,8.6,1.1,8.0,0.36,8.1,10.0,0.3,,6.0,,0.5,226.0,0.031,0.1,0.013,1.2,0.057,0.01,0.19,3.5,0.7
1993-05-27,9.1,0.8,50.0,8.3,1.2,35.0,0.27,7.7,13.0,0.18,,5.2,,1.5,298.0,0.031,0.1,0.026,1.5,0.072,0.01,0.22,4.8,0.7
1993-06-30,6.8,0.9,50.0,8.3,1.4,31.0,0.26,8.9,21.5,0.18,,4.0,,1.5,261.0,0.061,0.1,0.026,3.1,0.059,0.01,0.22,5.6,0.7
1993-07-22,8.8,1.0,43.0,8.3,1.4,49.0,0.25,9.4,25.0,0.18,,3.6,,1.4,265.0,0.031,0.1,0.026,1.8,0.053,0.01,0.19,5.3,0.7
1993-08-25,6.6,0.9,47.0,7.8,1.5,,0.25,9.8,22.5,0.18,,3.8,,4.4,240.0,0.031,0.1,0.026,1.9,0.05,0.01,0.21,6.1,0.8
1993-09-23,6.8,0.8,47.0,8.0,1.3,57.0,0.26,7.8,20.0,0.19,,4.3,,2.7,282.0,0.031,0.2,0.013,1.7,0.057,0.01,0.2,5.8,0.7
1993-10-20,,2.0,48.0,8.1,1.2,30.0,0.31,7.6,17.0,0.18,,4.6,,1.9,273.0,0.031,0.1,0.026,2.5,0.11,0.02,0.21,5.5,1.0
1993-12-01,11.5,0.9,43.0,7.9,1.1,12.0,0.27,6.2,6.5,0.18,,5.9,,3.1,269.0,0.031,0.1,0.026,1.4,0.065,0.03,0.21,5.8,0.6
1993-12-15,12.0,1.1,41.0,8.2,1.0,4.0,0.38,8.1,8.0,0.17,,5.4,,1.5,256.0,0.031,0.1,0.039,1.6,0.15,0.01,0.19,5.1,0.5
1994-01-12,12.2,0.7,48.0,7.5,1.2,5.0,0.32,6.3,6.5,0.18,,5.7,,7.4,278.0,0.031,0.1,0.026,1.7,0.11,0.01,0.22,6.0,0.5
1994-02-15,12.9,0.8,46.0,8.4,1.1,7.0,0.26,5.8,8.6,0.19,,5.7,,0.6,261.0,0.031,0.1,0.013,1.6,0.055,0.01,0.19,5.4,0.5
1994-03-15,10.8,1.2,32.0,8.1,1.0,47.0,0.28,6.9,11.8,0.17,,5.8,,1.6,188.0,0.031,0.1,0.039,1.2,0.078,0.01,0.14,3.3,0.6
1994-04-13,9.9,1.5,33.0,7.8,0.8,4.0,,7.0,11.9,,,5.6,,2.7,190.0,,0.1,,1.1,,,0.15,3.2,0.8
1994-05-11,10.7,1.8,43.0,7.4,1.1,4.0,0.26,7.5,15.7,0.18,,5.6,,10.0,250.0,0.031,0.1,0.026,1.0,0.055,0.01,0.19,4.1,0.6
1994-06-22,10.0,1.0,43.0,8.2,1.3,4.0,0.25,9.2,27.8,0.18,,4.1,,1.6,257.0,0.031,0.1,0.026,2.0,0.05,0.01,0.2,5.0,0.7
1994-06-28,8.59,,,7.880000000000001,,,,,27.390000000000004,,,,,,253.1,,,,,,,,,
1994-07-13,8.0,0.8,45.0,8.2,1.4,26.0,0.25,8.7,23.6,0.2,,3.8,,1.7,273.0,0.031,0.1,0.013,1.8,0.05,0.01,0.21,5.5,0.6
1994-08-17,5.2,0.8,45.0,7.9,1.5,10.0,0.25,8.8,20.6,0.2,,3.6,,3.6,275.0,0.031,0.2,0.013,2.5,0.05,0.01,0.22,5.8,0.8
1994-08-30,5.6,0.6,48.0,7.8,1.6,2.0,0.26,8.9,22.8,0.18,,3.5,,4.2,278.0,0.031,0.1,0.026,2.1,0.056,0.01,0.21,6.2,0.8
1994-10-19,8.9,1.2,48.0,7.9,1.5,23.0,0.25,7.8,19.2,0.18,,3.8,,3.6,292.0,0.031,0.1,0.026,2.2,0.05,0.01,0.21,6.2,0.8
1994-11-16,9.6,1.9,38.0,8.0,1.0,3.0,0.27,8.0,14.1,0.2,,4.9,,2.0,220.0,0.031,0.1,0.019,1.4,0.07,0.01,0.17,4.5,0.7
1994-12-07,10.8,1.0,46.0,8.3,1.1,7.0,0.26,6.7,12.6,0.2,,5.5,,1.2,262.0,0.031,0.1,0.019,1.6,0.06,0.01,0.2,5.7,0.7
1995-01-09,8.0,1.0,43.0,8.8,1.1,16.0,0.27,5.9,5.4,0.2,,5.1,,0.4,259.0,0.031,0.1,0.019,1.6,0.07,0.02,0.2,5.5,0.6
1995-02-14,12.8,0.7,45.0,8.2,1.2,6.0,0.27,6.2,4.0,0.2,,5.0,,1.9,265.0,0.031,0.1,0.019,1.5,0.07,0.01,0.2,5.5,0.6
1995-03-07,10.2,4.1,17.0,7.4,0.6,198.0,0.95,6.5,9.8,0.7,,4.3,,4.3,101.0,0.031,0.1,0.019,0.8,0.25,0.12,0.1,1.4,1.0
1995-03-20,8.7,0.7,46.0,8.0,1.1,2.0,0.26,7.1,15.1,0.18,,5.6,,2.4,260.0,0.031,0.1,0.026,1.4,0.06,0.01,0.2,5.2,0.8
1995-04-10,8.8,1.3,50.0,8.4,1.3,37.0,0.27,7.1,18.6,0.2,,4.3,,1.2,282.0,0.031,0.1,0.019,2.1,0.06,0.02,0.22,5.7,0.8
1995-05-08,7.2,3.6,28.0,7.8,0.8,18.0,0.25,7.6,13.7,0.18,,3.9,,2.6,159.0,0.031,0.1,0.026,2.0,0.05,0.05,0.13,2.4,0.7
1995-06-05,8.1,1.2,50.0,8.3,1.3,73.0,0.25,8.1,21.9,0.18,,4.2,,1.3,285.0,0.031,0.1,0.026,1.6,0.05,0.01,0.22,5.3,0.7
1995-07-10,8.2,0.9,49.0,8.2,1.3,38.0,0.25,8.9,23.1,0.2,,4.0,,1.7,278.0,0.031,0.1,0.019,1.5,0.05,0.01,0.21,5.7,0.7
1995-08-21,12.3,0.8,42.0,8.3,1.4,24.0,0.25,9.4,27.0,0.2,,2.6,,1.4,253.0,0.031,0.1,0.019,1.8,0.05,0.01,0.2,5.9,0.9
1995-10-11,9.6,0.8,46.0,8.3,1.3,21.0,0.25,7.0,15.8,0.2,,4.4,,1.3,288.0,0.031,0.1,0.019,3.0,0.05,0.01,0.2,6.4,0.8
1995-11-01,9.3,1.0,45.0,7.9,1.3,25.0,0.26,6.4,14.3,0.2,,2.8,,3.3,273.0,0.031,0.1,0.019,1.9,0.06,0.01,0.21,5.8,0.9
1996-01-25,12.0,1.4,37.0,7.7,0.9,12.0,0.25,6.4,6.6,0.2,,4.4,,4.5,213.0,0.031,0.1,0.019,1.2,0.05,0.01,0.16,4.8,0.5
1996-01-31,11.21,,,8.739999999999998,,,,,2.6400000000000006,,,,,,241.8,,,,,,,,,
1996-02-22,11.3,0.8,46.0,8.1,1.2,26.0,0.25,5.5,10.5,0.2,,4.3,,2.0,267.0,0.031,0.1,0.019,1.7,0.05,0.01,0.21,5.7,0.6
1996-04-11,11.3,0.9,40.0,8.4,1.1,20.0,0.25,6.1,13.3,0.2,,5.8,,0.7,246.0,0.031,0.1,0.019,1.4,0.05,0.01,0.18,5.0,0.6
1996-05-08,9.8,1.0,43.0,8.1,1.0,44.0,0.27,7.6,16.3,0.18,,5.4,,1.8,253.0,0.031,0.1,0.026,1.2,0.07,0.01,0.19,5.0,0.6
1996-06-20,6.7,0.9,46.0,8.1,1.3,42.0,0.27,9.8,22.7,0.18,,3.5,,2.2,268.0,0.031,0.1,0.026,1.6,0.07,0.01,0.19,6.0,0.7
1996-07-23,6.8,0.7,42.0,7.9,1.5,28.0,0.31,10.0,24.4,0.16,,3.3,,3.5,271.0,0.031,0.1,0.052,2.0,0.1,0.01,0.21,6.1,0.8
1996-08-21,7.4,0.7,42.0,8.0,1.5,15.0,0.28,9.4,25.1,0.2,,3.5,,2.5,257.0,0.031,0.1,0.019,1.8,0.08,0.01,0.2,6.4,0.8
1996-09-18,10.5,1.2,42.0,8.7,1.3,26.0,0.3,8.1,20.8,0.2,,4.1,,0.5,257.0,0.031,0.1,0.019,1.7,0.1,0.01,0.19,6.0,0.8
1996-10-22,7.4,1.0,46.0,8.0,1.2,51.0,0.28,7.1,15.1,0.18,,4.8,,3.0,275.0,0.031,0.1,0.026,1.8,0.08,0.02,0.21,6.1,0.8
1997-02-20,10.2,1.1,40.6,8.0,0.96,22.0,0.26,6.55,9.7,0.2,,5.84,,2.3,230.0,0.031,0.1,0.019,1.19,0.06,0.01,0.18,4.24,0.58
1997-04-22,10.2,0.8,50.0,8.1,1.16,18.0,0.28,7.27,12.1,0.18,,5.72,,2.0,278.0,0.031,0.1,0.022,1.41,0.08,0.01,0.21,5.14,0.69
1997-05-20,10.5,,55.6,8.3,1.34,15.0,0.25,8.62,19.9,0.2,,4.37,,1.3,285.0,0.031,0.1,0.019,1.79,0.051,0.01,0.22,5.68,0.77
1997-06-16,9.1,,45.7,8.4,1.36,19.0,0.27,8.22,23.1,0.2,,4.0,,1.0,268.0,0.031,0.1,0.019,1.49,0.069,0.01,0.21,5.29,0.76
1997-07-14,8.9,,40.3,8.2,1.36,55.0,0.25,8.79,29.4,0.2,,3.59,,1.5,243.0,0.031,0.1,0.019,1.62,0.052,0.01,0.2,4.8,0.82
1997-08-18,9.7,,44.7,8.3,1.4,38.0,0.27,8.76,24.1,0.18,,3.33,,1.4,264.0,0.031,0.1,0.019,1.86,0.067,0.01,0.21,6.12,0.75
1997-09-25,9.0,,43.8,8.1,1.4,26.0,0.26,7.41,18.5,0.2,,3.76,,2.4,274.0,0.031,0.1,0.019,1.81,0.057,0.01,0.21,5.99,0.7
1997-10-15,10.4,,47.1,8.2,1.5,34.0,0.25,7.29,16.1,0.2,,3.92,,1.7,280.0,0.031,0.1,0.019,1.89,0.05,0.01,0.22,6.49,0.75
1997-11-18,8.2,,49.5,7.8,1.47,37.0,0.16,6.88,6.9,,,4.43,,5.2,297.0,0.031,0.1,0.419,2.15,0.06,0.01,0.23,6.29,0.69
1997-12-17,12.6,,48.8,7.7,1.49,28.0,0.15,6.46,4.3,0.1,,5.49,,5.6,300.0,0.031,0.1,0.026,2.53,0.05,0.01,0.24,6.28,0.63
1998-01-14,10.8,,40.6,8.2,0.99,15.0,0.27,6.52,6.9,0.1,,4.5,,1.4,236.0,0.034,0.1,0.026,1.31,0.169,0.01,0.19,5.17,0.59
1998-02-09,14.0,,43.3,8.2,1.17,16.0,0.15,5.97,6.6,0.08,,5.51,,1.7,266.0,0.058,0.1,0.03,1.63,0.05,0.01,0.2,5.59,0.59
1998-03-16,11.5,,39.5,8.3,1.0,18.0,0.19,6.38,8.4,0.1,,5.35,,1.0,226.0,0.031,0.1,0.026,1.26,0.079,0.01,0.17,4.62,0.59
1998-04-15,9.8,,44.7,8.2,1.1,12.0,0.15,7.0,15.1,0.08,,5.1,,1.4,264.0,0.04,0.1,0.027,1.32,0.05,0.01,0.2,4.83,0.74
1998-05-12,8.5,,39.4,8.4,1.07,23.0,0.15,7.31,17.5,0.07,,4.73,,0.9,239.0,0.031,0.35,0.044,1.1,0.05,0.01,0.18,4.87,0.64
1998-06-10,7.2,,44.1,8.2,1.26,51.0,0.15,8.01,21.9,0.06,,3.89,,1.6,263.0,0.031,0.1,0.052,1.56,0.051,0.01,0.2,5.3,0.68
1998-07-08,7.3,,40.9,7.9,1.51,43.0,0.15,8.72,25.5,0.08,,3.29,,3.0,257.0,0.055,0.1,0.026,1.75,0.053,0.02,0.2,5.56,0.78
1998-08-05,6.9,,40.8,8.0,1.48,29.0,0.15,8.46,23.8,0.1,,3.07,,2.3,259.0,0.031,0.1,0.026,1.62,0.05,0.01,0.21,5.83,0.81
1998-09-09,10.4,,43.6,8.3,1.52,53.0,0.15,8.78,25.5,0.07,,3.25,,1.2,264.0,0.04,0.1,0.045,1.87,0.05,0.01,0.22,6.63,0.8
1998-10-20,10.4,,45.7,7.9,1.17,58.0,0.18,7.31,16.0,0.11,,4.51,,2.3,282.0,0.031,0.1,0.026,1.73,0.073,0.05,0.22,5.92,0.76
1998-11-18,11.0,,51.0,8.2,1.38,80.0,0.19,7.42,11.8,0.12,,4.16,,1.7,303.0,0.031,0.1,0.026,2.3,0.064,0.05,0.23,7.01,0.77
1998-12-07,9.5,,53.0,8.2,1.3,53.0,0.16,7.69,13.0,0.1,,4.1,,1.6,309.0,0.031,0.1,0.026,1.75,0.061,0.05,0.24,6.59,0.82
1999-01-21,9.8,,46.1,7.5,1.18,43.0,0.18,6.13,7.0,0.11,,5.53,,8.9,279.0,0.031,0.1,0.026,1.56,0.074,0.007,0.21,6.0,0.38
1999-02-17,12.2,,41.4,8.5,1.02,34.0,0.15,6.12,9.5,0.1,,4.6,,0.8,264.0,0.031,0.1,0.026,1.39,0.05,0.004,0.19,5.6,0.59
1999-03-24,8.9,,41.2,8.5,1.1,20.0,0.18,6.69,14.2,0.1,,5.59,,0.8,247.0,0.031,0.1,0.026,1.21,0.077,0.004,0.19,5.26,0.6
1999-04-06,10.3,,33.9,8.2,0.87,21.0,0.18,7.55,13.2,0.1,,5.21,,1.3,195.0,0.034,0.1,0.026,1.17,0.076,0.004,0.16,3.67,0.66
1999-05-10,10.5,,46.6,8.4,1.22,46.0,0.14,7.82,19.3,0.01,,4.42,,1.1,271.0,0.064,0.1,0.086,1.5,0.06,0.004,0.22,5.72,0.74
1999-06-09,7.2,,45.6,8.1,1.34,33.0,0.19,9.24,22.0,0.09,,4.19,,2.0,276.0,0.037,0.1,0.026,1.91,0.097,0.004,0.24,6.11,1.6
1999-07-08,6.6,,45.7,7.9,1.3,76.0,0.21,8.74,24.3,0.12,,3.15,,2.9,268.0,0.049,0.1,0.035,1.52,0.064,0.004,0.23,5.88,0.67
1999-08-05,4.6,,,8.0,,61.0,,,23.4,,,,,2.3,271.0,,,,,,,,,
1999-09-08,5.4,,41.5,8.6,1.4,33.0,0.2,9.08,22.6,0.1,,3.06,,0.7,253.0,0.031,0.1,0.026,2.06,0.099,0.005,0.2,6.3,1.03
1999-10-20,8.3,,46.0,8.2,1.52,65.0,0.12,8.05,14.9,0.07,,4.06,,1.7,285.0,0.031,0.1,0.026,1.94,0.05,0.008,0.22,7.18,0.95
1999-11-16,12.0,,49.1,8.5,1.34,73.0,0.15,7.58,12.5,0.1,,3.75,,0.9,295.0,0.031,0.11,0.026,2.42,0.05,0.008,0.22,7.31,0.85
1999-12-20,12.2,,43.0,8.4,1.27,28.0,0.14,6.7,6.7,0.09,,4.31,,0.9,265.0,0.031,0.1,0.026,2.28,0.05,0.008,0.2,6.11,0.66
2000-01-25,10.2,,46.9,7.5,1.33,28.0,0.1,6.16,2.7,0.05,,5.32,,8.0,279.0,0.031,0.1,0.026,2.12,0.05,0.008,0.21,6.7,0.66
2000-02-23,10.1,,43.2,7.7,1.21,34.0,0.15,5.82,10.3,0.1,,5.09,,5.8,269.0,0.031,0.1,0.026,1.58,0.05,0.008,0.21,6.15,0.56
2000-03-14,11.2,,40.8,8.0,1.06,20.0,0.12,5.78,12.8,0.07,,5.77,,2.4,255.0,0.031,0.1,0.026,1.88,0.05,0.008,0.2,5.96,0.61
2000-04-12,10.5,,44.8,8.1,1.23,28.0,0.12,6.57,11.9,0.07,,5.21,,2.2,282.0,0.031,0.1,0.026,1.89,0.05,0.008,0.22,6.64,0.69
2000-05-09,7.3,,45.1,8.1,1.1,47.0,0.16,7.4,20.1,0.1,,5.07,,2.3,279.0,0.031,0.1,0.026,1.6,0.062,0.008,0.21,6.26,0.71
2000-06-07,9.6,,44.3,8.0,1.07,66.0,0.15,7.31,21.5,0.07,,5.42,,2.9,274.0,0.031,0.1,0.026,1.49,0.076,0.008,0.21,6.04,0.88
2000-07-05,8.4,,45.9,7.8,1.07,22.0,0.12,7.89,25.5,0.07,,3.75,,4.1,277.0,0.031,0.1,0.026,1.65,0.05,0.008,0.22,6.5,0.75
2000-08-03,9.5,,45.1,8.0,1.25,60.0,0.13,8.3,27.0,0.08,,3.31,,2.9,274.0,0.031,0.1,0.026,1.83,0.05,0.008,0.21,6.96,0.77
2000-09-06,5.9,,45.3,7.3,1.41,52.0,0.11,8.85,21.9,0.06,,3.15,,12.0,282.0,0.031,0.1,0.026,1.95,0.05,0.008,0.22,7.36,0.85
2000-10-11,9.6,,46.7,8.6,1.38,55.0,0.12,7.19,10.5,0.08,,4.27,,0.7,287.0,0.055,0.16,0.053,2.06,0.035,0.004,0.22,7.62,0.77
2000-11-08,10.3,,45.6,8.3,1.21,26.0,0.21,7.31,12.7,0.12,,5.57,,1.5,280.0,0.055,0.16,0.053,2.08,0.089,0.004,0.21,6.48,0.92
2000-12-19,8.2,,44.2,7.2,1.26,56.0,0.13,5.89,1.1,0.06,,5.88,,17.0,262.0,0.055,0.16,0.053,1.99,0.066,0.004,0.21,6.57,0.63
2001-02-08,9.4,,42.8,8.0,1.03,36.0,0.15,4.55,11.2,0.08,,5.94,,2.3,259.0,0.055,0.16,0.053,1.92,0.071,0.004,0.2,6.19,0.62
2001-03-06,10.8,,38.2,8.4,0.9,13.0,0.15,5.31,10.5,0.08,,5.96,,0.8,231.0,0.055,0.16,0.053,1.6,0.072,0.004,0.17,5.26,0.72
2001-04-18,10.2,,45.9,8.0,1.28,25.0,0.11,6.14,11.1,0.08,,5.27,,2.3,276.0,0.055,0.16,0.053,1.88,0.031,0.002,0.21,6.3,0.69
2001-05-24,7.0,,46.0,7.8,1.36,40.0,0.15,7.11,17.1,0.05,,3.93,,4.3,329.0,0.061,0.2,0.052,1.71,0.096,0.004,0.21,6.23,0.76
2001-06-27,7.2,,44.0,8.1,1.36,49.0,0.13,8.27,21.9,0.08,,4.19,,2.2,266.0,0.061,0.2,0.052,1.74,0.05,0.003,0.2,6.79,0.82
2001-07-18,5.5,,42.8,7.9,1.38,24.0,0.15,8.56,24.7,0.09,,3.83,,3.3,267.0,0.061,0.2,0.052,2.04,0.057,0.004,0.21,6.95,0.77
2001-08-15,6.3,,43.9,7.7,1.21,30.0,0.13,8.4,21.8,0.1,,3.53,,6.0,276.0,0.061,0.2,0.052,1.58,0.032,0.002,0.19,7.07,0.73
2001-09-12,7.2,,44.6,8.2,1.31,42.0,0.13,8.45,18.9,0.07,,3.12,,1.8,280.0,0.061,0.2,0.052,1.8,0.057,0.003,0.21,7.28,0.86
2001-11-21,10.2,,,8.3,,63.0,0.19,,7.3,0.15,,4.59,,1.0,307.0,0.061,,0.052,2.21,0.036,0.002,,,
2001-12-13,10.4,,,7.5,,23.0,0.2,,10.2,0.1,,5.06,,8.0,281.0,0.061,,0.052,1.83,0.1,0.002,,,
2002-01-10,13.2,,,7.9,,43.0,0.2,,6.1,0.1,,5.44,,3.7,281.0,0.061,,0.052,1.92,0.101,0.002,,,
2002-02-13,12.7,,,7.9,,42.0,0.23,,7.5,0.13,,5.43,,2.7,244.0,0.061,,0.053,1.42,0.062,0.005,,,
2002-03-13,10.7,,,7.7,,,0.14,,8.8,0.08,,5.19,,3.2,188.0,0.061,,0.052,1.25,0.068,0.006,,,
2002-05-09,9.4,,,8.2,,42.0,0.17,,17.2,0.1,,4.59,,1.8,268.0,0.061,,0.052,1.69,0.075,0.005,,,
2002-07-10,6.3,,,7.8,,31.0,0.17,,24.5,0.09,,3.82,,4.0,284.0,0.061,,0.052,1.66,0.08,0.004,,,
2002-09-10,9.5,,,7.5,,21.0,0.15,,25.5,0.08,,3.39,,8.3,272.0,0.061,,0.052,1.8,0.071,0.004,,,
2002-11-27,11.2,,,8.2,,4.0,0.16,,6.2,0.1,,4.66,,1.8,300.0,0.061,,0.052,2.01,0.056,0.004,,,
2002-12-11,12.2,,,8.2,,4.0,0.14,,6.2,0.1,,5.02,,1.8,295.0,0.061,,0.052,1.89,0.038,0.003,,,
2003-01-15,13.7,,,8.1,,2.0,0.24,,4.5,0.17,,5.17,,1.9,264.0,0.061,,0.052,1.36,0.075,0.003,,,
2003-02-20,10.8,,,8.2,,1.0,0.15,,7.9,0.06,,5.3,,1.4,240.0,0.061,,0.057,0.88,0.051,0.002,,,
2003-03-12,12.1,,,8.1,,1.0,0.12,,8.1,0.06,,5.36,,1.9,263.0,0.061,,0.052,1.27,0.066,0.003,,,
2003-05-21,10.9,,,8.1,,28.0,0.24,,15.2,0.18,,5.01,,2.0,251.0,0.061,,0.052,1.26,0.064,0.004,,,
2003-07-09,8.8,,,7.8,,11.0,0.22,,24.0,0.1,,3.81,,4.6,280.0,0.061,,0.052,1.96,0.124,0.006,,,
2003-09-02,8.2,,,8.1,,22.0,0.39,,21.2,0.29,,3.0,,1.7,218.0,0.055,,0.053,0.99,0.103,0.02,,,
2003-11-13,9.2,,,8.4,,26.0,,,13.6,0.05,,4.6,,1.4,314.0,0.018,,0.052,1.99,0.034,0.002,,,
2003-12-16,10.5,,,8.0,,19.0,,,8.6,0.03,,5.4,,2.5,278.0,0.018,,0.052,1.53,0.069,0.004,,,
2004-01-15,11.7,,,8.1,,17.0,,,6.6,0.03,,5.27,,2.2,285.0,0.018,,0.052,1.76,0.071,0.003,,,
2004-02-18,13.2,,,8.4,,14.0,,,8.8,0.02,,5.9,,1.0,252.0,0.018,,0.052,1.6,0.071,0.004,,,
2004-03-29,9.7,,,7.9,,,,,17.6,,,,,,279.0,,,,,,,,,
2004-03-31,10.0,,,8.3,,48.0,,,11.4,0.04,,4.8,,1.4,284.0,0.018,,0.052,1.61,0.035,0.004,,,
2004-05-13,7.1,,,8.0,,27.0,,,18.1,0.04,,4.91,,2.9,298.0,0.018,,0.052,1.7,0.061,0.003,,,
2004-07-08,6.0,,,8.0,,40.0,,,22.4,0.07,,3.94,,2.9,288.0,0.018,,0.052,1.99,0.053,0.004,,,
2004-08-24,9.6,,,8.3,,52.0,,,26.2,0.06,,3.4,,1.1,259.0,0.018,,0.052,1.6,0.044,0.002,,,
2004-11-10,11.9,,,8.3,,14.0,,,13.0,0.06,,4.83,,1.2,269.0,0.018,,0.052,1.5,0.065,0.004,,,
2005-01-05,9.5,,,8.1,,19.0,,,12.5,0.09,,4.88,,1.2,186.0,0.018,,0.052,1.23,0.269,0.011,,,
2005-03-03,11.8,,,8.5,,41.0,,,7.1,0.02,,5.57,,0.7,260.0,0.009,,0.052,1.56,0.037,0.003,,,
2005-05-03,11.7,,,8.4,,49.0,,,15.5,0.03,,5.4,,1.0,237.0,0.018,,0.052,1.35,0.036,0.003,,,
2005-07-07,6.9,,,8.0,,26.0,,,25.1,0.07,,3.82,,2.3,263.0,0.018,,0.052,1.99,0.062,0.004,,,
2005-09-28,9.2,,,8.0,,,,,21.5,0.11,,4.73,,2.7,276.0,0.018,,0.052,1.91,0.065,0.002,,,
2005-11-08,10.9,,,8.3,,55.0,,,17.6,0.08,,4.46,,1.3,287.0,0.018,,0.052,2.01,0.06,0.002,,,
2006-01-04,13.0,,,8.2,,57.0,,,15.3,0.06,,5.09,,1.6,294.0,0.018,,0.052,2.33,0.041,0.004,,,
2006-03-23,12.0,,,8.4,,3.0,,,9.0,0.03,,5.53,,0.9,242.0,0.037,,0.052,1.67,0.06,0.003,,,
2006-05-17,9.7,,,8.0,,51.0,,,16.6,,,5.07,,2.2,253.0,0.276,,0.09,1.35,0.037,0.004,,,
2006-06-19,9.2,,,8.4,,,,,29.2,0.08,,,,,244.0,0.011,,0.013,,0.047,0.003,,,
2006-07-18,7.5,0.81,,8.0,,1.0,,,24.9,,,,,2.7,273.0,0.015,,0.056,,0.053,0.007,,,
2006-09-06,10.6,,,8.3,,0.0,,,24.3,0.06,,3.8,,1.1,269.0,0.011,,0.024,1.77,0.035,0.004,,,
2007-02-07,13.0,0.74,,8.2,,2.0,,,5.0,0.08,,,,1.6,256.0,0.01,,0.026,,0.053,0.008,,,
2007-03-22,10.0,0.79,,8.1,,9.0,,,14.2,0.04,,,,2.2,280.0,0.018,,0.015,,0.035,0.005,,,
2007-05-03,10.2,0.9,,8.3,,24.0,,,16.9,0.04,,,,1.4,274.0,0.018,,0.025,,0.025,0.008,,,
2007-05-22,9.9,0.86,,8.5,,17.0,,,21.9,0.03,,,,0.8,272.0,0.018,,0.016,,0.013,0.008,,,
2007-06-27,8.0,1.04,,8.4,,5.0,,,22.1,0.07,,,,1.1,283.0,0.01,,0.026,,0.025,0.008,,,
2007-07-25,8.6,0.89,,8.2,,36.0,,,23.5,0.06,,,,1.6,278.0,0.013,,0.029,,0.026,0.004,,,
2007-08-29,6.8,0.78,,8.3,,3.0,,,25.0,0.06,,,,1.3,282.0,0.018,,0.024,,0.036,0.008,,,
2007-09-18,8.4,0.68,,8.2,,13.0,,,20.5,0.06,,,,1.8,277.0,0.012,,0.026,,0.044,0.008,,,
2007-10-31,9.1,0.62,,8.2,,28.0,,,11.7,,,4.21,,1.7,281.0,0.01,,0.056,2.0,0.038,0.008,,,
2007-12-17,12.1,,,7.7,,1.0,,,7.7,0.07,,5.36,,4.5,219.0,0.01,,0.026,1.76,0.156,0.008,,,
2008-01-03,15.5,,,8.3,,1.0,,,2.2,0.03,,6.07,,1.2,268.0,0.018,,0.029,2.02,0.068,0.005,,,
2008-02-26,10.3,,,8.3,,4.0,,,6.8,0.02,,5.86,,1.1,232.0,0.011,,0.026,1.61,0.076,0.008,,,
2008-03-26,11.9,,,7.9,,2.0,,,10.5,,,,,2.3,204.0,,,,,,,,,
2008-05-22,9.9,,,8.4,,5.0,,,18.4,0.02,,4.8,,1.2,280.0,0.015,,0.026,1.4,0.033,0.008,,,
2008-06-11,8.2,,,7.9,,19.0,,,22.2,0.03,,4.13,,3.7,288.0,0.018,,0.026,1.54,0.041,0.008,,,
2008-09-24,9.2,,,7.8,,3.0,,,19.2,0.01,,4.18,,4.7,288.0,0.013,,0.026,1.36,0.042,0.008,,,
2009-03-17,11.2,,,8.2,,7.0,,,12.6,0.01,,5.09,,1.5,270.0,0.025,,0.026,1.48,0.044,0.008,,,
2009-04-23,10.1,,,7.9,,9.0,,,15.7,0.04,,5.3,,3.0,270.0,0.025,,0.026,1.34,0.03,0.005,,,
2009-06-10,8.9,,,8.2,,25.0,,,22.2,0.05,,4.17,,1.8,290.0,0.014,,0.026,1.64,0.067,0.008,,,
2009-08-26,7.4,,,7.6,,7.0,,,20.6,0.04,,3.67,,7.9,289.0,0.025,,0.026,1.69,0.079,0.008,,,
2009-11-03,10.7,,,8.2,,2.0,,,13.5,0.02,,4.63,,1.7,256.0,0.025,,0.056,1.35,0.146,0.006,,,
2010-02-03,12.7,,,8.5,,1.0,,,7.8,,,5.2,,0.9,253.0,0.013,,0.033,1.56,0.127,0.004,,,
2010-03-31,10.4,,,8.0,,3.0,,,11.2,0.04,,5.29,,2.3,246.0,0.018,,0.026,1.46,0.142,0.008,,,
2010-06-10,10.1,,,8.1,,6.0,,,27.5,0.03,,4.25,,2.0,262.0,0.022,,0.026,1.73,0.128,0.005,,,
2010-08-26,10.5,,,7.7,,1.0,,,25.4,0.03,,3.5,,2.6,266.0,0.022,,0.026,1.98,0.062,0.004,,,
2010-10-20,11.1,,,8.1,,5.0,,,17.3,,,3.94,,1.9,281.0,0.018,,0.111,1.96,0.058,0.004,,,
2010-12-08,12.8,,,8.2,,1.0,,,5.3,0.01,,4.49,,1.9,279.0,0.019,,0.013,2.22,0.057,0.004,,,
2011-02-16,12.9,,,8.5,,1.0,,,11.1,0.06,,5.03,,0.8,256.0,0.012,,0.013,1.95,0.049,0.004,,,
2011-04-13,10.8,,,8.0,,4.0,,,12.4,0.06,,4.68,,2.0,211.0,0.024,,0.013,1.2,0.093,0.004,,,
2011-06-22,9.8,,,8.2,,2.0,,,27.7,0.004,,4.03,,1.7,267.0,0.023,,0.013,2.03,0.06,0.004,,,
2011-08-09,10.1,,,7.9,,2.0,,,29.6,0.02,,3.38,,2.4,218.0,0.013,,0.013,1.99,0.081,0.004,,,
2011-10-04,13.3,,,8.1,,1.0,,,19.7,0.05,,4.16,,1.9,262.0,0.012,,0.013,2.22,0.062,0.006,,,
2011-12-20,11.6,,,8.6,,0.5,,,10.8,,,4.38,,0.6,225.0,0.012,,0.028,1.54,0.137,0.004,,,
2012-02-09,12.9,,,8.5,,0.5,,,8.5,,,4.46,,0.7,181.0,0.012,,0.013,1.31,0.16,0.004,,,
2012-04-24,10.8,,,8.0,,0.5,,,17.1,0.02,,4.48,,3.1,282.0,0.012,,0.013,1.77,0.051,0.004,,,
2012-06-12,11.3,,,7.7,,0.5,,,25.7,1.5,,3.53,,4.6,246.0,0.012,,0.013,1.95,0.058,0.004,,,
2012-08-08,6.1,,,7.7,,5.0,,,24.2,0.03,,3.4,,4.7,262.0,0.012,,0.021,2.12,0.07,0.005,,,
2012-11-01,11.1,1.03,49.8,8.6,1.52,4.0,0.14,7.28,13.0,0.07,,4.64,,0.7,281.0,0.012,0.04,0.013,2.3,0.028,0.004,0.22,6.75,0.74
2013-01-08,13.6,1.19,48.3,7.8,1.31,1.0,0.17,5.99,4.8,0.04,,5.42,,4.5,265.0,0.012,0.04,0.033,2.16,0.063,0.004,0.21,5.93,0.6
2013-03-05,11.9,1.08,38.4,8.1,0.99,2.0,0.16,6.14,10.4,0.07,,4.51,,1.7,215.0,0.012,0.04,0.013,1.35,0.077,0.004,0.17,5.08,0.63
2013-05-08,9.2,0.84,43.6,8.0,1.09,,0.14,6.66,16.0,0.1,,4.21,,2.2,234.0,0.012,0.03,0.013,1.25,0.04,0.004,0.18,5.09,0.67
2013-07-09,10.0,0.84,44.0,8.0,1.47,3.0,0.15,9.2,30.2,0.07,,3.32,,2.8,255.0,0.012,0.04,0.013,1.81,0.076,0.004,0.2,5.87,0.86
2013-08-13,8.0,,,7.6,,,,,22.7,,,,,,283.0,,,,,,,,,
2013-09-10,10.1,0.84,48.7,8.0,1.33,0.5,0.11,8.17,27.9,0.07,,3.55,,3.4,278.0,0.012,0.04,0.014,1.73,0.045,0.004,0.21,6.08,0.91
2013-11-14,14.0,0.87,51.3,7.8,1.43,1.0,0.12,7.13,8.2,0.07,,4.01,,5.6,250.0,0.012,0.04,0.013,2.04,0.026,0.004,0.19,6.66,0.76
2014-01-07,15.2,,,7.7,,,,,0.5,0.07,,4.45,,5.5,259.0,,0.03,,1.6,,0.004,0.2,,
2014-03-12,11.4,1.14,36.0,7.4,0.89,1.0,0.3,6.44,9.3,0.07,,4.08,,7.7,199.0,0.012,0.03,0.013,1.14,0.082,0.004,0.18,3.61,0.56
2014-04-23,11.6,1.61,45.3,8.1,1.09,1.0,0.18,6.92,17.1,0.07,,4.38,,2.0,248.0,0.012,0.03,0.013,1.19,0.048,0.004,0.2,4.37,0.71
2014-05-15,10.6,1.5,36.7,8.2,0.94,2.0,0.14,7.65,15.2,0.07,,3.8,,1.4,206.0,0.012,0.03,0.013,1.04,0.033,0.004,0.16,3.78,0.67
2014-07-22,10.7,1.11,43.6,8.2,1.44,4.0,0.2,9.38,27.8,0.07,,3.38,,1.1,252.0,0.012,0.04,0.013,1.84,0.039,0.004,0.2,5.79,0.84
2014-09-23,8.4,0.61,47.8,7.9,1.74,3.0,0.15,8.0,16.8,0.07,,3.44,,3.3,288.0,0.012,0.04,0.013,2.15,0.097,0.004,0.2,7.02,0.89
2014-11-04,10.5,0.83,45.7,8.0,1.48,3.0,0.13,6.81,14.2,0.07,,3.46,,2.9,269.0,0.012,0.03,0.013,2.04,0.06,0.004,0.21,5.95,0.81
2015-01-29,12.5,0.81,48.9,8.0,1.4,,0.14,5.8,7.6,0.06,,4.55,,2.8,268.0,0.012,0.04,0.013,1.9,0.052,0.004,0.21,6.22,0.71
2015-03-11,11.6,2.17,29.1,8.0,0.86,,0.17,6.48,9.3,0.08,,3.51,,3.2,166.0,0.012,0.03,0.013,1.04,0.086,0.009,0.14,3.42,0.67
2015-05-07,9.9,0.83,48.4,8.2,1.19,7.0,0.12,8.0,18.3,0.08,,4.26,,1.8,268.0,0.014,0.03,0.013,1.53,0.044,0.004,0.22,5.66,0.76
2015-07-08,9.7,1.22,49.8,7.9,1.38,2.0,0.14,8.6,21.0,0.1,,3.01,,3.2,269.0,0.012,0.03,0.013,1.24,0.032,0.004,0.22,5.8,0.79
2015-08-31,10.2,,,7.9,,3.0,,,21.6,,,,,3.4,277.0,,,,,,,,,
2015-10-15,9.4,0.73,49.7,7.8,1.69,,,7.96,15.1,,,3.38,,4.4,287.0,0.012,0.04,0.013,2.12,0.057,,0.24,6.92,0.85
2015-11-09,11.9,1.6,47.0,8.3,1.29,,,7.64,12.0,,,3.66,,1.4,280.0,0.012,0.03,0.013,1.94,0.062,,0.22,6.14,0.84
2015-12-08,12.3,1.02,44.2,7.9,1.19,,,6.91,7.4,,,3.76,,2.9,263.0,0.012,0.03,0.013,1.88,0.07,,0.21,5.84,0.8
2016-01-13,12.6,0.86,46.3,8.4,1.13,,,6.21,4.6,,,4.01,,1.0,263.0,0.014,0.03,0.013,1.57,0.065,,0.21,5.81,0.67
2016-01-28,13.4,0.63,50.6,8.0,1.36,,,6.04,6.6,,,4.03,,2.6,276.0,0.012,0.03,0.013,1.75,0.042,,0.22,5.75,0.69
2016-02-18,12.4,0.54,54.2,8.2,1.52,,,6.24,8.8,,,4.22,,1.8,283.0,0.012,0.03,0.013,1.97,0.038,,0.23,6.0,0.71
2016-02-29,11.6,1.38,45.8,8.1,1.17,,,7.13,10.4,,,3.98,,2.0,233.0,0.012,0.03,0.013,1.4,0.025,,0.18,5.02,0.72
2016-03-17,11.6,0.95,45.3,8.1,1.08,,,7.03,11.5,,,4.06,,2.5,242.0,0.012,0.03,0.013,1.28,0.031,,0.2,4.48,0.7
2016-04-13,11.4,0.65,51.6,8.2,1.28,,,7.56,13.0,,,4.13,,1.5,276.0,0.012,0.03,0.013,1.49,0.021,,0.21,5.53,0.76
2016-04-27,9.8,0.94,51.0,8.0,1.25,,,8.13,16.8,,,3.76,,2.7,253.0,0.012,0.03,0.013,1.44,0.066,,0.21,4.93,0.77
2016-05-11,9.9,1.59,40.9,7.7,0.92,,,7.83,16.3,,,3.26,,4.5,221.0,0.012,0.03,0.013,0.94,0.039,,0.17,4.17,0.74
2016-05-23,10.2,0.7,51.1,8.1,1.28,,,7.4,20.4,,,3.9,,2.1,260.0,0.012,0.03,0.013,1.64,0.049,,0.23,5.17,0.77
2016-07-13,9.4,0.99,51.0,7.9,1.5,,,9.35,24.9,,,3.02,,2.9,276.0,0.012,0.03,0.013,1.68,0.047,,0.23,5.39,0.79
2016-07-29,7.4,1.38,47.4,8.1,1.42,,,9.45,24.8,,,2.7,,1.9,274.0,0.012,0.04,0.013,1.67,0.065,,0.21,5.08,0.77
2016-08-18,9.0,1.25,47.2,7.9,1.03,,,8.79,20.1,,,2.79,,3.1,264.0,0.012,0.03,0.013,0.9,0.086,,0.24,5.36,0.79
2016-09-08,8.3,0.73,53.7,8.1,1.45,,,9.42,23.8,,,3.14,,2.3,288.0,0.012,0.03,0.013,1.68,0.079,,0.23,6.17,0.83
2016-10-06,9.7,1.59,49.7,8.1,1.69,,,8.87,20.8,,,3.13,,2.3,276.0,0.012,0.03,0.013,2.0,0.07,,0.22,6.34,0.77
2016-10-31,10.2,0.88,50.9,8.2,1.63,,,8.84,19.2,,,3.27,,2.0,230.0,,0.03,,2.13,,,0.22,6.31,0.91
2016-11-07,11.2,0.71,52.8,,1.64,,,8.27,14.6,,,3.26,,,272.0,,0.03,,2.13,,,0.24,6.42,0.85
2016-11-29,11.6,1.08,51.1,8.1,1.42,,,7.66,11.0,,,3.39,,2.0,274.0,0.012,0.03,0.013,2.05,0.05,,0.22,5.65,0.87
2016-12-21,13.3,0.91,53.5,7.3,1.5,,,6.94,7.5,,,3.91,,16.0,290.0,0.012,0.03,0.013,2.12,0.06,,0.23,6.06,0.69
2017-01-19,,0.66,51.1,8.6,1.45,,,6.88,9.1,,,3.79,,0.8,277.0,0.012,0.03,0.013,2.16,0.06,,0.22,5.48,0.65
2017-03-01,10.0,0.77,43.8,8.2,1.47,,,6.91,14.9,,,3.81,,1.7,272.0,0.012,0.03,0.026,1.97,0.04,,0.21,5.53,0.71
2017-03-14,11.7,1.26,44.2,7.8,1.06,,,7.41,8.7,,,3.61,,42.0,246.0,0.012,0.02,0.013,1.35,0.14,,0.22,4.63,0.66
2017-04-27,10.6,1.92,31.1,7.2,0.75,,,8.47,14.1,,,3.11,,10.0,172.0,0.014,0.02,0.013,0.87,0.11,,0.15,3.01,0.78
2017-05-10,9.7,,47.3,7.5,1.08,,,8.38,16.9,,,3.83,,94.0,267.0,0.012,0.02,0.013,1.29,0.12,,0.21,4.69,0.75
2017-05-24,10.7,,43.3,8.1,1.05,,,7.31,17.5,,,3.49,,1.8,253.0,,0.02,,1.21,,,0.21,4.24,0.66
2017-06-15,9.6,1.22,45.7,8.1,1.23,,,8.41,23.7,,,3.35,,2.2,274.0,0.012,0.03,0.013,1.56,0.05,,0.22,4.78,0.73
2017-06-28,9.4,1.0,48.8,8.1,1.4,,,9.36,23.2,,,3.22,,1.6,281.0,0.012,0.03,0.013,1.7,0.09,,0.23,5.35,0.77
2017-07-20,10.2,0.93,46.5,8.5,1.37,,,10.1,26.5,,,3.08,,0.7,272.0,0.012,0.03,0.013,1.57,0.07,,0.22,5.17,0.78
2017-08-21,10.3,1.11,46.9,7.9,1.36,,,8.94,26.1,,,2.84,,1.7,290.0,0.012,0.03,0.013,1.66,0.069,,0.21,5.68,0.79
2017-09-07,9.5,0.93,46.4,8.1,1.5,,,8.68,19.5,,,3.15,,1.8,276.0,0.012,0.04,0.017,2.0,0.088,,0.22,6.03,0.78
2017-10-05,9.8,0.75,46.8,7.7,1.54,,,8.29,21.5,,,3.22,,,278.0,0.012,0.04,0.013,2.14,0.1,,0.22,6.1,0.88
2017-10-26,11.0,0.67,48.8,8.2,1.58,,,7.52,13.1,,,3.29,,2.0,280.0,0.012,0.03,0.013,2.23,0.048,,0.23,6.17,0.68
2017-11-14,10.4,0.66,50.0,7.8,1.67,,,7.48,13.1,,,3.56,,5.0,281.0,0.012,0.03,0.013,2.27,0.027,,0.22,6.2,0.84
2017-11-30,98.7,0.48,50.3,7.4,1.76,,,7.26,11.5,,,3.78,,11.0,286.0,0.012,0.04,0.013,2.33,0.042,,0.22,6.01,0.66
2018-01-11,9.8,0.9,48.3,7.6,1.58,,,6.45,9.3,,,4.25,,6.6,264.0,0.012,0.04,0.013,2.56,0.116,,0.21,5.35,0.64
2018-02-08,13.5,0.72,48.7,8.0,1.64,,,5.99,3.3,,,4.61,,2.6,270.0,0.012,0.04,0.013,2.35,0.066,,0.22,5.56,0.63
2018-03-07,10.3,0.99,41.4,7.6,1.07,,,6.84,10.4,,,3.96,,5.4,226.0,0.012,0.03,0.013,1.48,0.093,,0.18,4.59,0.75
2018-04-11,11.4,0.94,43.4,8.1,1.17,,,6.23,12.2,,,3.91,,1.4,238.0,0.012,0.03,0.013,1.42,0.024,,0.18,4.92,0.66
2018-04-27,10.2,0.94,40.6,8.0,1.1,,,6.55,13.5,,,3.71,,0.2,231.0,0.012,0.03,0.013,1.3,0.062,,0.18,3.78,0.73
2018-05-08,9.82,0.9,42.4,7.8,1.08,,,7.66,16.8,,,3.85,,0.4,238.0,0.016,0.03,0.013,1.31,0.094,,0.19,4.1,0.86
2018-06-15,6.9,0.95,48.3,7.9,1.58,,,10.5,23.7,,,3.23,,3.3,281.0,0.012,0.04,0.013,1.96,0.088,,0.21,5.62,0.95
2018-07-24,10.2,0.73,43.5,8.1,1.57,,,9.69,26.4,,,3.02,,1.8,254.0,0.012,0.04,0.013,2.03,0.067,,0.2,5.64,0.76
2018-08-08,10.5,0.76,41.4,7.6,1.64,,,8.96,25.9,,,2.99,,3.9,247.0,0.012,0.04,0.013,1.99,0.066,,0.2,5.57,0.84
2018-09-06,8.3,1.13,47.3,7.8,1.52,,,9.3,24.0,,,3.04,,3.9,279.0,0.012,0.04,0.013,1.78,0.083,,0.21,6.19,0.88
2018-10-10,9.5,2.32,42.8,7.9,1.3,,,8.11,22.3,,,2.55,,3.0,252.0,0.012,0.03,0.013,1.68,0.134,,0.2,4.91,0.96
2018-10-31,9.5,1.21,48.7,8.2,1.46,,,7.12,15.5,,,3.39,,1.7,254.0,0.012,0.03,0.016,1.7,0.058,,0.2,6.16,0.91
2018-11-06,11.0,1.63,45.5,7.8,1.16,,,7.9,13.9,,,3.44,,4.1,259.0,0.012,0.03,0.013,1.35,0.081,,0.2,5.67,0.75
2018-11-20,11.9,1.04,49.9,8.3,1.33,,,7.07,8.4,,,3.84,,1.3,277.0,0.012,0.03,0.013,1.72,0.084,,0.23,6.27,0.76
2018-12-18,12.1,,39.3,8.1,0.96,,,7.07,9.4,,,3.61,,1.9,236.0,0.012,0.03,0.013,1.27,0.075,,0.19,4.88,0.48
2019-02-14,10.8,1.17,34.8,8.2,0.9,,,7.85,11.1,,,3.55,,1.2,191.0,0.013,0.03,0.013,1.16,0.184,,0.15,3.23,0.67
2019-03-28,11.3,,48.1,8.3,1.29,,,6.88,14.4,,,4.12,,1.2,260.0,0.017,0.03,0.013,1.56,0.033,,0.21,4.8,0.68
2019-04-10,11.0,0.89,44.8,8.4,1.19,,,7.44,15.0,,,3.83,,0.9,241.0,0.02,0.03,0.013,1.29,0.038,,0.2,4.15,0.75
2019-04-23,10.5,0.87,44.1,8.4,1.03,,,7.95,15.1,,,34.5,,0.9,245.0,0.012,0.11,0.014,50.7,0.074,,0.18,4.0,0.66
2019-05-10,10.7,1.26,44.3,8.4,1.28,,,8.16,13.6,,,3.65,,0.8,229.0,0.018,0.03,0.013,1.12,0.093,,0.2,3.41,0.76
2019-05-22,11.4,,,8.3,,,,,17.9,,,,,1.2,274.0,,,,,,,,,
2019-06-26,8.9,1.16,43.1,7.9,1.1,,,8.61,17.7,,,3.14,,2.8,237.0,0.023,0.03,0.013,1.3,0.091,,0.18,4.14,0.72
2019-08-14,7.7,0.92,50.3,8.1,1.6,,,9.51,24.2,,,3.06,,2.3,290.0,0.012,0.04,0.013,2.14,0.041,,0.22,5.37,0.84
2019-08-28,8.2,1.42,50.0,8.1,1.36,,,8.46,21.2,,,2.73,,2.0,280.0,0.02,0.03,0.013,1.96,0.081,,0.21,5.29,0.85
2019-09-04,10.1,,,8.2,,,,,26.1,,,,,,270.0,,,,,,,,,
2019-09-20,8.7,0.89,49.4,8.2,1.77,,,9.12,23.0,,,3.06,,1.8,281.0,0.012,0.04,0.013,2.16,0.068,,0.22,6.01,0.83
2019-10-08,10.8,0.8,48.1,8.1,1.63,,,8.24,16.9,,,3.06,,2.1,274.0,0.012,0.04,0.013,2.17,0.061,,0.21,5.63,0.79
2019-10-24,9.8,0.75,49.7,8.2,1.69,,,7.35,14.3,,,3.27,,1.6,273.0,0.012,0.04,0.013,2.4,0.051,,0.21,5.68,0.8
2019-11-06,9.2,1.17,50.7,7.6,1.54,,,7.16,12.1,,,3.57,,6.6,278.0,0.012,0.03,0.013,2.11,0.061,,0.22,5.67,0.78
2019-12-05,13.4,1.12,47.1,8.4,1.42,,,6.64,9.7,,,3.69,,0.7,255.0,0.012,0.03,0.015,1.6,0.104,,0.2,5.26,0.61
2019-12-26,11.4,0.74,,8.6,,,,,10.4,,,,,0.6,254.0,0.012,,0.014,,0.061,,,,
2020-01-23,10.2,,,8.4,,,,,6.5,,,,,1.0,243.0,,,,,,,,,
